sample_id,longitude,latitude
VBS10154-4954STDY7089682,34.319,-0.466
VBS17631,34.92,-0.174
VBS17632,34.92,-0.174
VBS17633,34.92,-0.174
VBS17634,34.92,-0.174
VBS17635,34.92,-0.174
VBS17636,34.92,-0.174
VBS17637,34.92,-0.174
VBS17638,34.92,-0.174
VBS17641,34.92,-0.174
VBS17642,34.92,-0.174
VBS17643,34.92,-0.174
VBS17645,34.92,-0.174
VBS17646,34.92,-0.174
VBS17647,34.92,-0.174
VBS17648,34.92,-0.174
VBS17649,34.92,-0.174
VBS17650,34.92,-0.174
VBS17651,34.92,-0.174
VBS17652,34.92,-0.174
VBS17653,34.92,-0.174
VBS17654,34.92,-0.174
VBS17657,34.92,-0.174
VBS17658,34.92,-0.174
VBS17659,34.92,-0.174
VBS17660,34.92,-0.174
VBS17661,34.92,-0.174
VBS17663,34.92,-0.174
VBS17664,34.92,-0.174
VBS17665,34.92,-0.174
VBS17666,34.92,-0.174
VBS17668,34.92,-0.174
VBS17669,34.92,-0.174
VBS17672,34.92,-0.174
VBS17673,34.92,-0.174
VBS17674,34.92,-0.174
VBS17676,34.92,-0.174
VBS17677,34.92,-0.174
VBS17678,34.513,-0.952
VBS17679,34.543,0.98
VBS17680,34.513,-0.952
VBS17681,34.513,-0.952
VBS17683,34.533,-0.901
VBS17684,34.533,-0.901
VBS17685,34.533,-0.901
VBS17686,34.596,-0.686
VBS17687,34.596,-0.686
VBS17689,34.543,0.98
VBS17690,34.596,-0.686
VBS17691,34.596,-0.686
VBS17692,34.596,-0.686
VBS17693,34.596,-0.686
VBS17694,34.596,-0.686
VBS17695,34.596,-0.686
VBS17696,34.596,-0.686
VBS17697,34.513,-0.952
VBS17698,34.513,-0.952
VBS17699,34.533,-0.901
VBS17700,34.543,0.98
VBS17701,34.543,0.98
VBS17702,34.543,0.98
VBS17703,34.543,0.98
VBS17704,34.543,0.98
VBS17705,34.543,0.98
VBS17706,34.543,0.98
VBS17707,34.543,0.98
VBS17709,34.543,0.98
VBS17710,34.543,0.98
VBS17711,34.543,0.98
VBS17714,34.543,0.98
VBS17715,34.543,0.98
VBS17716,34.543,0.98
VBS17717,34.543,0.98
VBS17718,34.543,0.98
VBS17719,34.543,0.98
VBS17720,34.543,0.98
VBS17721,34.543,0.98
VBS17722,34.391,-1.074
VBS17723,34.533,-0.901
VBS17724,34.533,-0.901
VBS17725,34.533,-0.901
VBS17726,34.533,-0.901
VBS96796,34.183,0.034
VBS96797,34.183,0.034
VBS96798,34.178,0.027
VBS96799,34.178,0.027
VBS96800,34.178,0.027
VBS96801,34.178,0.027
VBS96802,34.178,0.027
VBS96803,34.178,0.027
VBS96804,34.178,0.027
VBS96806,34.178,0.027
VBS96808,34.178,0.027
VBS96810,34.183,0.034
VBS96811,34.178,0.027
VBS96812,34.178,0.027
VBS96813,34.178,0.027
VBS96814,34.178,0.027
VBS96815,34.178,0.027
VBS96816,34.183,0.034
VBS96817,34.183,0.034
VBS96818,34.183,0.034
VBS96819,34.183,0.034
VBS96820,34.183,0.034
VBS96821,34.178,0.027
VBS96822,34.178,0.027
VBS96823,34.178,0.027
VBS96824,34.178,0.027
VBS96825,34.178,0.027
VBS96826,34.183,0.034
VBS96827,34.183,0.034
VBS96828,34.183,0.034
VBS96829,34.178,0.027
VBS96830,34.178,0.027
VBS96831,34.178,0.027
VBS96832,34.178,0.027
VBS96833,34.178,0.027
VBS96834,34.178,0.027
VBS96835,34.178,0.027
VBS96836,34.178,0.027
VBS96837,34.178,0.027
VBS96838,34.183,0.034
VBS96839,34.183,0.034
VBS96840,34.183,0.034
VBS96841,34.183,0.034
VBS96842,34.183,0.034
VBS96843,34.183,0.034
VBS96844,34.178,0.027
VBS96845,34.178,0.027
VBS96846,34.178,0.027
VBS96847,34.183,0.034
VBS96848,34.178,0.027
VBS96849,34.183,0.034
VBS96850,34.183,0.034
VBS96851,34.183,0.034
VBS96852,34.178,0.027
VBS96853,34.178,0.027
VBS96854,34.178,0.027
VBS96855,34.183,0.034
VBS96856,34.183,0.034
VBS96857,34.178,0.027
VBS96858,34.183,0.034
VBS96859,34.183,0.034
VBS96860,34.183,0.034
VBS96861,34.183,0.034
VBS96862,34.183,0.034
VBS96863,34.183,0.034
VBS96864,34.178,0.027
VBS96865,34.178,0.027
VBS96866,34.183,0.034
VBS96867,34.178,0.027
VBS96868,34.178,0.027
VBS96869,34.178,0.027
VBS96870,34.178,0.027
VBS96871,34.178,0.027
VBS96872,34.178,0.027
VBS96873,34.178,0.027
VBS96874,34.178,0.027
VBS96875,34.178,0.027
VBS96876,34.178,0.027
VBS96877,34.178,0.027
VBS96878,34.178,0.027
VBS96879,34.178,0.027
VBS96881,34.178,0.027
VBS96882,34.183,0.034
VBS96883,34.178,0.027
VBS96884,34.178,0.027
VBS96885,34.178,0.027
VBS96886,34.178,0.027
VBS96888,34.178,0.027
VBS96889,34.178,0.027
VBS96890,34.178,0.027
VBS96891,34.178,0.027
VBS96892,34.178,0.027
VBS96893,34.178,0.027
VBS96894,34.178,0.027
VBS96895,34.178,0.027
VBS96896,34.178,0.027
VBS96897,34.178,0.027
VBS96900,34.183,0.034
VBS96901,34.183,0.034
VBS96902,34.183,0.034
VBS96903,34.183,0.034
VBS96904,34.183,0.034
VBS96905,34.183,0.034
VBS96906,34.183,0.034
VBS96907,34.183,0.034
VBS96908,34.183,0.034
VBS96909,34.183,0.034
VBS96910,34.183,0.034
VBS96911,34.183,0.034
VBS96912,34.183,0.034
VBS96913,34.189,0.072
VBS96914,34.178,0.027
VBS96915,34.178,0.027
VBS96916,34.183,0.034
VBS96917,34.183,0.034
VBS96918,34.183,0.034
VBS96920,34.183,0.034
VBS96921,34.183,0.034
VBS96922,34.178,0.027
VBS96923,34.178,0.027
VBS96924,34.178,0.027
VBS96925,34.178,0.027
VBS96926,34.183,0.034
VBS96927,34.183,0.034
VBS96928,34.183,0.034
VBS96929,34.183,0.034
VBS96930,34.183,0.034
VBS96931,34.183,0.034
VBS96932,34.183,0.034
VBS96933,34.183,0.034
VBS96934,34.183,0.034
VBS96935,34.183,0.034
VBS96936,34.189,0.072
VBS96937,34.189,0.072
VBS96938,34.189,0.072
VBS96939,34.178,0.027
VBS96940,34.178,0.027
VBS96941,34.183,0.034
VBS96942,34.183,0.034
VBS96944,34.183,0.034
VBS96945,34.183,0.034
VBS96947,34.183,0.034
VBS96948,34.183,0.034
VBS96949,34.183,0.034
VBS96950,34.183,0.034
VBS96952,34.183,0.034
VBS96953,34.183,0.034
VBS96954,34.189,0.072
VBS96955,34.189,0.072
VBS96956,34.189,0.072
VBS96957,34.189,0.072
VBS96958,34.189,0.072
VBS96959,34.189,0.072
VBS96960,34.189,0.072
VBS96961,34.189,0.072
VBS96962,34.189,0.072
VBS96963,34.189,0.072
VBS96964,34.189,0.072
VBS96965,34.189,0.072
VBS96968,34.178,0.027
VBS96969,34.178,0.027
VBS96970,34.178,0.027
VBS96971,34.178,0.027
VBS96973,34.178,0.027
VBS96974,34.178,0.027
VBS96975,34.183,0.034
VBS96976,34.183,0.034
VBS96977,34.178,0.027
VBS96978,34.178,0.027
VBS96979,34.178,0.027
VBS96980,34.178,0.027
VBS96981,34.178,0.027
VBS96982,34.178,0.027
VBS96983,34.178,0.027
VBS96984,34.183,0.034
VBS96985,34.183,0.034
VBS96986,34.183,0.034
VBS96987,34.183,0.034
VBS96988,34.183,0.034
VBS96989,34.178,0.027
VBS96990,34.178,0.027
VBS96991,34.183,0.034
VBS96992,34.183,0.034
VBS96993,34.183,0.034
VBS96994,34.183,0.034
VBS96995,34.183,0.034
VBS96997,34.183,0.034
VBS96998,34.178,0.027
VBS96999,34.178,0.027
VBS97000,34.178,0.027
VBS97001,34.178,0.027
VBS97002,34.178,0.027
VBS97003,34.178,0.027
VBS97004,34.178,0.027
VBS97005,34.183,0.034
VBS97006,34.183,0.034
VBS97007,34.183,0.034
VBS97008,34.178,0.027
VBS97009,34.178,0.027
VBS97010,34.178,0.027
VBS97011,34.178,0.027
VBS97012,34.178,0.027
VBS97013,34.178,0.027
VBS97014,34.178,0.027
VBS97015,34.178,0.027
VBS97016,34.178,0.027
VBS97017,34.178,0.027
VBS97018,34.178,0.027
VBS97019,34.178,0.027
VBS97020,34.178,0.027
VBS97021,34.178,0.027
VBS97022,34.178,0.027
VBS97023,34.178,0.027
VBS97024,34.178,0.027
VBS97025,34.178,0.027
VBS97026,34.178,0.027
VBS97027,34.178,0.027
VBS97028,34.178,0.027
VBS97029,34.178,0.027
VBS97030,34.178,0.027
VBS97031,34.178,0.027
VBS97032,34.178,0.027
VBS97034,34.178,0.027
VBS97036,34.178,0.027
VBS97037,34.178,0.027
VBS97038,34.178,0.027
VBS97039,34.178,0.027
VBS97040,34.178,0.027
VBS97041,34.178,0.027
VBS97042,34.178,0.027
VBS97044,34.178,0.027
VBS97045,34.178,0.027
VBS97046,34.178,0.027
VBS97047,34.178,0.027
VBS97048,34.183,0.034
VBS97049,34.183,0.034
VBS97050,34.183,0.034
VBS97051,34.178,0.027
VBS97052,34.178,0.027
VBS97053,34.178,0.027
VBS97054,34.178,0.027
VBS97055,34.178,0.027
VBS97056,34.178,0.027
VBS97057,34.178,0.027
VBS97058,34.178,0.027
VBS97059,34.178,0.027
VBS97060,34.178,0.027
VBS97061,34.178,0.027
VBS97062,34.178,0.027
VBS97063,34.178,0.027
VBS97064,34.178,0.027
VBS97065,34.178,0.027
VBS97066,34.178,0.027
VBS97067,34.178,0.027
VBS97068,34.178,0.027
VBS97069,34.178,0.027
VBS97070,34.178,0.027
VBS97071,34.178,0.027
VBS97072,34.178,0.027
VBS97073,34.178,0.027
VBS97074,34.178,0.027
VBS97075,34.178,0.027
VBS97076,34.178,0.027
VBS97077,34.178,0.027
VBS97078,34.178,0.027
VBS97079,34.178,0.027
VBS97080,34.178,0.027
VBS97081,34.178,0.027
VBS97082,34.178,0.027
VBS97083,34.178,0.027
VBS97084,34.178,0.027
VBS97085,34.178,0.027
VBS97086,34.178,0.027
VBS97087,34.178,0.027
VBS97088,34.178,0.027
VBS97089,34.178,0.027
VBS97090,34.178,0.027
VBS97091,34.178,0.027
VBS97092,34.178,0.027
VBS97093,34.178,0.027
VBS97094,34.178,0.027
VBS97095,34.178,0.027
VBS97096,34.178,0.027
VBS97097,34.178,0.027
VBS97098,34.178,0.027
VBS97099,34.178,0.027
VBS97100,34.178,0.027
VBS97101,34.178,0.027
VBS97102,34.178,0.027
VBS97103,34.183,0.034
VBS97104,34.183,0.034
VBS97105,34.183,0.034
VBS97106,34.178,0.027
VBS97107,34.178,0.027
VBS97108,34.178,0.027
VBS97109,34.178,0.027
VBS97110,34.178,0.027
VBS97111,34.178,0.027
VBS97112,34.178,0.027
VBS97113,34.178,0.027
VBS97114,34.178,0.027
VBS97115,34.189,0.072
VBS97116,34.189,0.072
VBS97117,34.189,0.072
VBS97118,34.189,0.072
VBS97119,34.189,0.072
VBS97120,34.189,0.072
VBS97121,34.189,0.072
VBS97122,34.189,0.072
VBS97123,34.189,0.072
VBS97124,34.189,0.072
VBS97125,34.189,0.072
VBS97126,34.189,0.072
VBS97127,34.189,0.072
VBS97128,34.189,0.072
VBS97129,34.189,0.072
VBS97130,34.189,0.072
VBS97131,34.189,0.072
VBS97132,34.189,0.072
VBS97133,34.189,0.072
VBS97134,34.189,0.072
VBS97135,34.189,0.072
VBS97137,34.178,0.027
VBS97138,34.178,0.027
VBS97139,34.178,0.027
VBS97141,34.178,0.027
VBS97142,34.178,0.027
VBS97143,34.178,0.027
VBS97144,34.178,0.027
VBS97145,34.178,0.027
VBS97146,34.178,0.027
VBS97147,34.178,0.027
VBS97148,34.178,0.027
VBS97149,34.178,0.027
VBS97150,34.178,0.027
VBS97151,34.178,0.027
VBS97152,34.178,0.027
VBS97153,34.178,0.027
VBS97154,34.178,0.027
VBS97155,34.178,0.027
VBS97156,34.178,0.027
VBS97158,34.178,0.027
VBS97159,34.183,0.034
VBS97160,34.183,0.034
VBS97161,34.183,0.034
VBS97162,34.183,0.034
VBS97163,34.183,0.034
VBS97164,34.183,0.034
VBS97165,34.178,0.027
VBS97166,34.178,0.027
VBS97167,34.178,0.027
VBS97168,34.183,0.034
VBS97169,34.183,0.034
VBS97170,34.183,0.034
VBS97171,34.183,0.034
VBS97172,34.183,0.034
VBS97173,34.178,0.027
VBS97174,34.178,0.027
VBS97175,34.178,0.027
VBS97176,34.178,0.027
VBS97177,34.178,0.027
VBS97179,34.178,0.027
VBS97180,34.178,0.027
VBS97181,34.178,0.027
VBS97182,34.178,0.027
VBS97183,34.178,0.027
VBS97184,34.178,0.027
VBS97185,34.178,0.027
VBS97186,34.178,0.027
VBS97187,34.178,0.027
VBS97188,34.189,0.072
VBS97189,34.189,0.072
VBS97190,34.189,0.072
VBS97191,34.189,0.072
VBS97192,34.189,0.072
VBS97193,34.178,0.027
VBS97194,34.178,0.027
VBS97195,34.178,0.027
VBS97196,34.178,0.027
VBS97197,34.178,0.027
VBS97198,34.178,0.027
VBS97199,34.178,0.027
VBS97200,34.178,0.027
VBS97201,34.178,0.027
VBS97202,34.178,0.027
VBS97203,34.178,0.027
VBS97204,34.178,0.027
VBS97205,34.178,0.027
VBS97206,34.178,0.027
VBS97208,34.178,0.027
VBS97209,34.178,0.027
VBS97210,34.178,0.027
VBS97211,34.183,0.034
VBS97212,34.183,0.034
VBS97213,34.183,0.034
VBS97214,34.183,0.034
VBS97215,34.183,0.034
VBS97216,34.183,0.034
VBS97217,34.183,0.034
VBS97218,34.183,0.034
VBS97219,34.178,0.027
VBS97220,34.178,0.027
VBS97221,34.178,0.027
VBS97222,34.183,0.034
VBS97223,34.183,0.034
VBS97224,34.183,0.034
VBS97226,34.183,0.034
VBS97227,34.183,0.034
VBS97228,34.183,0.034
VBS97229,34.183,0.034
VBS97230,34.183,0.034
VBS97231,34.183,0.034
VBS97232,34.183,0.034
VBS97233,34.183,0.034
VBS97234,34.183,0.034
VBS97235,34.183,0.034
VBS97236,34.183,0.034
VBS97237,34.183,0.034
VBS97238,34.178,0.027
VBS97240,34.178,0.027
VBS97241,34.178,0.027
VBS97242,34.178,0.027
VBS97243,34.178,0.027
VBS97244,34.178,0.027
VBS97245,34.178,0.027
VBS97246,34.178,0.027
VBS97247,34.178,0.027
VBS97248,34.178,0.027
VBS97249,34.178,0.027
VBS97250,34.183,0.034
VBS97252,34.183,0.034
VBS97253,34.178,0.027
VBS97254,34.178,0.027
VBS97255,34.178,0.027
VBS97256,34.178,0.027
VBS97257,34.178,0.027
VBS97258,34.178,0.027
VBS97259,34.178,0.027
VBS97260,34.178,0.027
VBS97261,34.178,0.027
VBS97262,34.178,0.027
VBS97263,34.178,0.027
VBS97264,34.178,0.027
VBS97265,34.178,0.027
VBS97266,34.178,0.027
VBS97267,34.178,0.027
VBS97268,34.178,0.027
VBS97269,34.178,0.027
VBS97270,34.178,0.027
VBS97271,34.178,0.027
VBS97272,34.178,0.027
VBS97273,34.178,0.027
VBS97274,34.178,0.027
VBS97275,34.183,0.034
VBS97276,34.183,0.034
VBS97277,34.178,0.027
VBS97278,34.183,0.034
VBS97279,34.178,0.027
VBS97280,34.178,0.027
VBS97281,34.178,0.027
VBS97282,34.178,0.027
VBS97283,34.183,0.034
VBS97284,34.183,0.034
VBS97285,34.183,0.034
VBS97286,34.183,0.034
VBS97287,34.183,0.034
AK0123-C,39.909,-3.511
AK0124-C,39.909,-3.511
AK0136-C,39.909,-3.511
AK0138-C,39.909,-3.511
AK0139-C,39.909,-3.511
AK0140-C,39.909,-3.511
AK0142-C,39.909,-3.511
AK0143-C,39.909,-3.511
AK0144-C,39.909,-3.511
AK0145-C,39.909,-3.511
AK0148-C,39.909,-3.511
AK0149-C,39.909,-3.511
AK0150-C,39.909,-3.511
AK0151-C,39.909,-3.511
AK0152-C,39.909,-3.511
AK0153-C,39.909,-3.511
AK0154-C,39.909,-3.511
AK0157-C,39.909,-3.511
AK0158-C,39.909,-3.511
AK0161-C,39.909,-3.511
AK0163-C,39.909,-3.511
AK0164-C,39.909,-3.511
AK0165-C,39.909,-3.511
AK0166-C,39.909,-3.511
SRR12281358,34.719,-0.59
